"record_id","registration","normalized_registration","vehicle_make_as_stored","vehicle_model","vehicle_year","chassis_number","operational_vehicle_type_if_matched","proposed_asset_category","exists_in_shared_vehicle_master","exists_in_drivers","exists_in_fuel_logs","exists_in_weekly_mileage","exists_in_maintenance","exists_in_trip_journey","exists_in_booking_diary","relationship_classification"
"5428b1a4-abf3-4ba1-afaa-269bffd5da19","3ฒน-9565","3ฒน9565","Toyota Hilux Revo",,"2018","MR0EB8CB900881388","FOUR_WHEEL_TRUCK","Pickup","Yes","Yes","Yes","Yes","No","No","Yes","A. Operational fleet vehicle"
"d5f1a76c-0086-4e5e-a6fa-166c62760dec","4กข-98","4กข98","BMW 630d GT",,"2020","WBAJW62090BN81423",,"Passenger Car","No","No","No","No","No","No","No","C. Passenger/personal/company car"
"b9847050-101a-41e2-ba2c-9fc7680e5d7a","4ฒล-4565","4ฒล4565","TOYOTA Hilux Revo",,"2023","MROCC8CB900854020",,"Pickup","No","No","No","No","No","No","No","D. Insurance-only fleet asset"
"87181d28-75a0-430e-b5df-0a7d363063f7","61-2835","612835","HINO",,"2013","FG8JRLA14275","SIX_WHEEL_TRUCK","6-Wheel Truck","Yes","Yes","Yes","Yes","Yes","No","Yes","A. Operational fleet vehicle"
"78f25f78-b86e-4361-8eab-2c5f8368dc66","61-2836","612836","HINO",,"2013","JC4001555",,"Other Commercial Vehicle","No","No","No","No","No","No","No","D. Insurance-only fleet asset"
"fe37ccb0-9996-4ae4-b725-e67738f4cfc2","61-6672","616672","HINO",,"2014","FG8JRLA14590","SIX_PLUS_SIX_WHEELER","Other Commercial Vehicle","Yes","Yes","Yes","Yes","No","No","Yes","A. Operational fleet vehicle"
"eb5cc8bf-6f22-4b15-9d01-35f8277161e8","62-1085","621085","HINO",,"2014","FC9JLLA14289","SIX_WHEEL_TRUCK","6-Wheel Truck","Yes","Yes","Yes","Yes","No","No","Yes","A. Operational fleet vehicle"
"14893f62-e1c5-4dc9-85b9-5529673456b4","62-4337","624337","HINO",,"2015","FG8JRLA15155","SIX_WHEEL_TRUCK","6-Wheel Truck","Yes","Yes","Yes","Yes","No","No","Yes","A. Operational fleet vehicle"
"181fc251-ef1c-4227-8dea-9a30633cfa39","63-0096","630096","พ่วง / Trailer",,"2011","SSK1000209",,"Trailer","No","No","No","No","No","No","No","B. Trailer / non-driver asset"
"4699bd8a-26f8-488c-a0e2-68ce904938ad","63-3543","633543","HINO",,"1997","FN274B20195","EIGHTEEN_WHEELER","Other Commercial Vehicle","Yes","Yes","Yes","Yes","Yes","No","Yes","A. Operational fleet vehicle"
"894d763f-18eb-47d2-9c61-26e34ac1bc33","64-0359","640359","ISUZU",,"2017","MP1FTR34G7T001256","SIX_WHEEL_TRUCK","6-Wheel Truck","Yes","Yes","Yes","Yes","No","No","Yes","A. Operational fleet vehicle"
"e23a10e9-2e08-4b27-88d1-393c6e3dafb3","64-2699","642699",,,,,,"Trailer","No","No","No","No","No","No","No","B. Trailer / non-driver asset"
"f59d2336-7aad-47a2-9e14-f87e952a1c6c","64-5954","645954","HINO",,"2018","MNKFG8JR1XHX11604","SIX_WHEEL_TRUCK","6-Wheel Truck","Yes","Yes","Yes","Yes","No","No","Yes","A. Operational fleet vehicle"
"e7659135-2137-4f6b-af94-fde20dbf0159","64-5956","645956","HINO",,"2018","MNKFG8JR1XHX11588","SIX_PLUS_SIX_WHEELER","Other Commercial Vehicle","Yes","Yes","Yes","Yes","No","No","Yes","A. Operational fleet vehicle"
"f2b60822-708a-4b30-8822-17388b9a1037","64-8664","648664",,,,,,"Trailer","No","No","No","No","No","No","No","B. Trailer / non-driver asset"
"231b1315-1d96-434b-9ee4-1c7c59a49eb2","64-8665","648665","HINO",,"2018","MNKFM1AK1XHX15548","EIGHTEEN_WHEELER","Other Commercial Vehicle","Yes","Yes","Yes","Yes","No","No","Yes","A. Operational fleet vehicle"
"8c944d1e-6828-4d40-8f94-bc3cb2d7f341","65-6919","656919","Trailer / พ่วง",,"2010","STL040000506",,"Trailer","No","No","No","No","No","No","No","B. Trailer / non-driver asset"
"320d62c9-b598-49ec-bc9e-1c707bc7e4f7","65-6991","656991","Trailer / พ่วง",,"2010","STL040000406",,"Trailer","No","No","No","No","No","No","No","B. Trailer / non-driver asset"
"8e6e762a-cec5-4d4b-bc1b-5ae97afda5f8","68-7154","687154","HINO",,"2022","MNKFM1AK1XHX21459","EIGHTEEN_WHEELER","Other Commercial Vehicle","Yes","Yes","Yes","Yes","No","No","No","A. Operational fleet vehicle"
"8e8995b2-099c-41d6-9800-637a193048e3","6กค-782","6กค782","NISSAN Teana",,"2015","MNTBCAL33Z0003289",,"Passenger Car","No","No","No","No","No","No","No","C. Passenger/personal/company car"
"710eb2f1-08db-4819-ba05-51bd987ff481","700-4145","7004145","HINO",,"2019","MNKFG8JR1XHX11910","SIX_PLUS_SIX_WHEELER","Other Commercial Vehicle","Yes","Yes","Yes","Yes","No","Yes","Yes","A. Operational fleet vehicle"
"02b47635-f0f6-4217-8e4b-52d2f923747a","700-6659","7006659",,,,,"SIX_WHEEL_TRUCK","6-Wheel Truck","Yes","Yes","Yes","Yes","No","No","Yes","A. Operational fleet vehicle"
"14c53a20-b166-4ac9-b092-5b23882ba6c8","700-6956","7006956",,,,,,"Unknown","No","No","No","No","No","No","No","G. Unable to determine safely"
"68cfefed-682c-42bc-8168-a33c074573b5","701-1654","7011654",,,,,"SIX_PLUS_SIX_WHEELER","Other Commercial Vehicle","Yes","Yes","Yes","Yes","Yes","No","Yes","A. Operational fleet vehicle"
"8fd4f71d-63f7-4a4f-85e6-3b5495d1de64","701-5145","7015145","Isuzu",,"2021","MP1FTR34THT002477","SIX_WHEEL_TRUCK","6-Wheel Truck","Yes","Yes","Yes","Yes","No","No","No","A. Operational fleet vehicle"
"3dcff5e7-b1d9-4e2d-817e-e28be13ce350","74-8969","748969","NISSAN",,"2001","PKB211N00292","SIX_WHEEL_TRUCK","6-Wheel Truck","Yes","Yes","Yes","Yes","Yes","No","Yes","A. Operational fleet vehicle"
"c477bc1e-7dde-420a-9618-6ca079e8cd4e","77-5902","775902",,,,,,"Trailer","No","No","No","No","No","No","No","B. Trailer / non-driver asset"
"39971a11-34b9-4079-8c2e-47e01da60b1b","77-8513","778513",,,,,,"Trailer","No","No","No","No","No","No","No","B. Trailer / non-driver asset"
"fce76849-c36b-485c-9f68-f217eb7a43dc","78-6996","786996","HINO",,"2009","FG8JRLA12086","SIX_PLUS_SIX_WHEELER","Other Commercial Vehicle","Yes","Yes","Yes","Yes","Yes","No","No","A. Operational fleet vehicle"
"38330b8f-3092-41ab-97f4-d567e542ae71","79-2945","792945","HINO",,"2010","FG8JRLA12348","SIX_PLUS_SIX_WHEELER","Other Commercial Vehicle","Yes","Yes","Yes","Yes","Yes","No","Yes","A. Operational fleet vehicle"
"bffcfab3-0d49-47bb-bc41-d2bce6c2a87b","79-5318","795318","HINO",,"2011","SS3VJC10209","EIGHTEEN_WHEELER","Other Commercial Vehicle","Yes","Yes","Yes","Yes","Yes","No","Yes","A. Operational fleet vehicle"
"a39444f7-8cd9-445f-a5bf-194bba476129","ญค-280","ญค280","TOYOTA CAMRY",,"2011","MR053BK4107060904",,"Passenger Car","No","No","No","No","No","No","No","C. Passenger/personal/company car"
"e56bfebe-a5a6-4a33-b3ac-f59a509c5c00","ญม3824","ญม3824","TOYOTA COROLLA ALTIS",,"2011","MR053REE204113437",,"Passenger Car","No","No","No","No","No","No","No","C. Passenger/personal/company car"
"8a255e2b-41aa-494d-a34f-b31184bb9211","ฒอ8453","ฒอ8453","TOYOTA Hilux Vigo",,"2013","MROCX12G200106928","FOUR_WHEEL_TRUCK","Pickup","Yes","Yes","Yes","Yes","No","No","Yes","A. Operational fleet vehicle"
"2f8f17c9-f5c7-4b0d-afd0-a87b9b00f861","ภอ6656","ภอ6656",,,,,,"Unknown","No","No","No","No","No","No","No","G. Unable to determine safely"
"db4e0e22-7267-4451-a5e6-cdd561be22eb","สินค้า","สินค้า",,,,,,"Unknown","No","No","No","No","No","No","No","G. Unable to determine safely"
