"document_id","insurance_record_id","registration","document_type","document_role","storage_bucket","storage_path","original_file_name","mime_type","file_size_bytes","database_reference_exists","associated_insurance_record_exists","storage_object_resolves","appears_orphaned","uploaded_by","created_at","updated_at"
"eb041e43-7bc0-4f44-9659-399456d1fdc4","14893f62-e1c5-4dc9-85b9-5529673456b4","62-4337","insurance","Main insurance","insurance-documents","14893f62-e1c5-4dc9-85b9-5529673456b4/insurance/1789961903719-62-4337-Main-Insurance.pdf","62-4337 Main Insurance.pdf","application/pdf","1766046","Yes","Yes","Yes","No","6b36f383-28e0-48aa-99a0-c1e655d6c3f7","2026-09-21T10:38:21.9083070+07:00","2026-09-21T10:38:25.2320000+07:00"
"10bb6730-9642-4fdb-8257-34ea64838cbc","181fc251-ef1c-4227-8dea-9a30633cfa39","63-0096","insurance","Main insurance","insurance-documents","181fc251-ef1c-4227-8dea-9a30633cfa39/insurance/1789961095567-63-0096-Main-Insurance.pdf","63-0096 Main Insurance.pdf","application/pdf","1294661","Yes","Yes","Yes","No","6b36f383-28e0-48aa-99a0-c1e655d6c3f7","2026-09-21T10:24:53.3774280+07:00","2026-09-21T10:24:56.9010000+07:00"
"62466db4-b6a3-4399-ab13-ed047277c6aa","231b1315-1d96-434b-9ee4-1c7c59a49eb2","64-8665","insurance","Main insurance","insurance-documents","231b1315-1d96-434b-9ee4-1c7c59a49eb2/insurance/1789966232350-64-8665-Main-Insurance-.pdf","64-8665 Main Insurance .pdf","application/pdf","1765537","Yes","Yes","Yes","No","6b36f383-28e0-48aa-99a0-c1e655d6c3f7","2026-09-21T11:50:30.4339580+07:00","2026-09-21T11:50:33.8670000+07:00"
"68d7fd60-a33c-4934-822c-8df90ac44875","320d62c9-b598-49ec-bc9e-1c707bc7e4f7","65-6991","compulsory","Compulsory insurance","insurance-documents","320d62c9-b598-49ec-bc9e-1c707bc7e4f7/compulsory/1789967478269-65-6991-Compulsory-.pdf","65-6991 Compulsory .pdf","application/pdf","501534","Yes","Yes","Yes","No","6b36f383-28e0-48aa-99a0-c1e655d6c3f7","2026-09-21T12:11:15.6788220+07:00","2026-09-21T12:11:19.0830000+07:00"
"c4ba530a-0cf3-4b87-8e2f-957b309d0640","320d62c9-b598-49ec-bc9e-1c707bc7e4f7","65-6991","insurance","Main insurance","insurance-documents","320d62c9-b598-49ec-bc9e-1c707bc7e4f7/insurance/1789967470397-65-6991-Main.pdf","65-6991 Main.pdf","application/pdf","1371018","Yes","Yes","Yes","No","6b36f383-28e0-48aa-99a0-c1e655d6c3f7","2026-09-21T12:11:08.8800910+07:00","2026-09-21T12:11:12.2780000+07:00"
"5caffb4d-c7e6-46a9-a18b-31e2be62a31c","38330b8f-3092-41ab-97f4-d567e542ae71","79-2945","insurance","Main insurance","insurance-documents","38330b8f-3092-41ab-97f4-d567e542ae71/insurance/1789967859382-79-2945-Main.pdf","79-2945 Main.pdf","application/pdf","1130434","Yes","Yes","Yes","No","6b36f383-28e0-48aa-99a0-c1e655d6c3f7","2026-09-21T12:17:37.2285810+07:00","2026-09-21T12:17:40.5760000+07:00"
"77cb5407-70ea-4f90-8acf-690d6b4e5439","3dcff5e7-b1d9-4e2d-817e-e28be13ce350","74-8969","insurance","Main insurance","insurance-documents","3dcff5e7-b1d9-4e2d-817e-e28be13ce350/insurance/1789969099705-74-8969-Main.pdf","74-8969 Main.pdf","application/pdf","1300312","Yes","Yes","Yes","No","6b36f383-28e0-48aa-99a0-c1e655d6c3f7","2026-09-21T12:38:17.7715780+07:00","2026-09-21T12:38:21.0970000+07:00"
"7a348269-f402-4f2f-8f79-8c83274fdb41","4699bd8a-26f8-488c-a0e2-68ce904938ad","63-3543","insurance","Main insurance","insurance-documents","4699bd8a-26f8-488c-a0e2-68ce904938ad/insurance/1789970019757-63-3543-Main.pdf","63-3543 Main.pdf","application/pdf","1019426","Yes","Yes","Yes","No","6b36f383-28e0-48aa-99a0-c1e655d6c3f7","2026-09-21T12:53:37.9684350+07:00","2026-09-21T12:53:41.2770000+07:00"
"e19db975-d9be-44f8-a061-cd0551be8747","5428b1a4-abf3-4ba1-afaa-269bffd5da19","3ฒน-9565","insurance","Main insurance","insurance-documents","5428b1a4-abf3-4ba1-afaa-269bffd5da19/insurance/1789983673468-9565-Main.pdf","9565 Main.pdf","application/pdf","1765234","Yes","Yes","Yes","No","6b36f383-28e0-48aa-99a0-c1e655d6c3f7","2026-09-21T16:41:12.5372210+07:00","2026-09-21T16:41:15.5240000+07:00"
"f3e3b247-9333-4f0b-a72f-189f86da40b6","710eb2f1-08db-4819-ba05-51bd987ff481","700-4145","insurance","Main insurance","insurance-documents","710eb2f1-08db-4819-ba05-51bd987ff481/insurance/1789969613301-700-4145-Main.pdf","700-4145 Main.pdf","application/pdf","1191624","Yes","Yes","Yes","No","6b36f383-28e0-48aa-99a0-c1e655d6c3f7","2026-09-21T12:46:51.6743320+07:00","2026-09-21T12:46:54.9990000+07:00"
"fff506d5-2c23-48eb-8cb3-11a255605c3e","78f25f78-b86e-4361-8eab-2c5f8368dc66","61-2836","compulsory","Compulsory insurance","insurance-documents","78f25f78-b86e-4361-8eab-2c5f8368dc66/compulsory/1789958807256-61-2836-Compulsory-1-.pdf","61-2836 Compulsory(1).pdf","application/pdf","1127558","Yes","Yes","Yes","No","6b36f383-28e0-48aa-99a0-c1e655d6c3f7","2026-09-21T09:46:44.9042400+07:00","2026-09-21T09:46:48.2650000+07:00"
"2a8f5df6-3dc2-4a39-a576-b852568d7402","78f25f78-b86e-4361-8eab-2c5f8368dc66","61-2836","insurance","Main insurance","insurance-documents","78f25f78-b86e-4361-8eab-2c5f8368dc66/insurance/1789958799792-61-2836-Main-Insurance-1-.pdf","61-2836 Main Insurance (1).pdf","application/pdf","1153715","Yes","Yes","Yes","No","6b36f383-28e0-48aa-99a0-c1e655d6c3f7","2026-09-21T09:46:37.7123450+07:00","2026-09-21T09:46:41.3020000+07:00"
"ba53bd63-4d4c-4668-8839-950b2b17d5a3","87181d28-75a0-430e-b5df-0a7d363063f7","61-2835","compulsory","Compulsory insurance","insurance-documents","87181d28-75a0-430e-b5df-0a7d363063f7/compulsory/1789712130010-61-2835-Compulsory.pdf","61-2835 Compulsory.pdf","application/pdf","1073112","Yes","Yes","Yes","No","6b36f383-28e0-48aa-99a0-c1e655d6c3f7","2026-09-18T13:15:30.0142500+07:00","2026-09-18T13:15:30.8690000+07:00"
"4f633e66-7f5c-4338-86db-6a9bfc585e37","87181d28-75a0-430e-b5df-0a7d363063f7","61-2835","insurance","Main insurance","insurance-documents","87181d28-75a0-430e-b5df-0a7d363063f7/insurance/1789712119155-61-2835-Main-Insurance.pdf","61-2835 Main Insurance.pdf","application/pdf","1411335","Yes","Yes","Yes","No","6b36f383-28e0-48aa-99a0-c1e655d6c3f7","2026-09-18T13:15:20.6330850+07:00","2026-09-18T13:15:21.4490000+07:00"
"c7055073-4b09-48ae-b94c-1d97dde9e84a","894d763f-18eb-47d2-9c61-26e34ac1bc33","64-0359","compulsory","Compulsory insurance","insurance-documents","894d763f-18eb-47d2-9c61-26e34ac1bc33/compulsory/1789964809078-64-0359-Compulsory.pdf","64-0359 Compulsory.pdf","application/pdf","1392802","Yes","Yes","Yes","No","6b36f383-28e0-48aa-99a0-c1e655d6c3f7","2026-09-21T11:26:47.0538020+07:00","2026-09-21T11:26:50.5430000+07:00"
"34d0a102-2d29-4f85-841d-b57329e1524e","894d763f-18eb-47d2-9c61-26e34ac1bc33","64-0359","insurance","Main insurance","insurance-documents","894d763f-18eb-47d2-9c61-26e34ac1bc33/insurance/1789964800506-64-0359-Main-Insurance-.pdf","64-0359 Main Insurance .pdf","application/pdf","1460976","Yes","Yes","Yes","No","6b36f383-28e0-48aa-99a0-c1e655d6c3f7","2026-09-21T11:26:38.5232300+07:00","2026-09-21T11:26:42.0050000+07:00"
"ec6200f7-e6ee-4283-8f8e-9c189b43a805","8a255e2b-41aa-494d-a34f-b31184bb9211","ฒอ8453","compulsory","Compulsory insurance","insurance-documents","8a255e2b-41aa-494d-a34f-b31184bb9211/compulsory/1789970730535-8453-Compulsory.pdf","8453 Compulsory.pdf","application/pdf","1505319","Yes","Yes","Yes","No","6b36f383-28e0-48aa-99a0-c1e655d6c3f7","2026-09-21T13:05:28.2520880+07:00","2026-09-21T13:05:31.4230000+07:00"
"d66b66ca-36ca-4522-ac61-ecea5492666a","8a255e2b-41aa-494d-a34f-b31184bb9211","ฒอ8453","insurance","Main insurance","insurance-documents","8a255e2b-41aa-494d-a34f-b31184bb9211/insurance/1789970722901-8453-Main.pdf","8453 Main.pdf","application/pdf","1225766","Yes","Yes","Yes","No","6b36f383-28e0-48aa-99a0-c1e655d6c3f7","2026-09-21T13:05:21.3162770+07:00","2026-09-21T13:05:24.6020000+07:00"
"7989fabb-0eb0-40c1-83c8-3901328adf48","8c944d1e-6828-4d40-8f94-bc3cb2d7f341","65-6919","insurance","Main insurance","insurance-documents","8c944d1e-6828-4d40-8f94-bc3cb2d7f341/insurance/1789966625247-65-6919-Main.pdf","65-6919 Main.pdf","application/pdf","1145503","Yes","Yes","Yes","No","6b36f383-28e0-48aa-99a0-c1e655d6c3f7","2026-09-21T11:57:03.3348510+07:00","2026-09-21T11:57:06.6720000+07:00"
"f400721f-a749-4b55-888e-87a9db19115d","8e6e762a-cec5-4d4b-bc1b-5ae97afda5f8","68-7154","insurance","Main insurance","insurance-documents","8e6e762a-cec5-4d4b-bc1b-5ae97afda5f8/insurance/1789962200975-68-7154-Main-Insurance.pdf","68-7154 Main Insurance.pdf","application/pdf","1764212","Yes","Yes","Yes","No","6b36f383-28e0-48aa-99a0-c1e655d6c3f7","2026-09-21T10:43:19.0383170+07:00","2026-09-21T10:43:22.5440000+07:00"
"2f06d973-6596-4d92-922c-bb908e436a1c","8e8995b2-099c-41d6-9800-637a193048e3","6กค-782","insurance","Main insurance","insurance-documents","8e8995b2-099c-41d6-9800-637a193048e3/insurance/1789971668230-782-Main.pdf","782 Main.pdf","application/pdf","885110","Yes","Yes","Yes","No","6b36f383-28e0-48aa-99a0-c1e655d6c3f7","2026-09-21T13:21:06.4856770+07:00","2026-09-21T13:21:09.7560000+07:00"
"8861defa-a801-4656-bd9c-8cbfd270b1dc","8fd4f71d-63f7-4a4f-85e6-3b5495d1de64","701-5145","compulsory","Compulsory insurance","insurance-documents","8fd4f71d-63f7-4a4f-85e6-3b5495d1de64/compulsory/1789964236267-701-5145-Compulsory.pdf","701-5145 Compulsory.pdf","application/pdf","1242618","Yes","Yes","Yes","No","6b36f383-28e0-48aa-99a0-c1e655d6c3f7","2026-09-21T11:17:14.0761740+07:00","2026-09-21T11:17:17.4000000+07:00"
"1acda034-57d4-4c80-84e9-e9fde0ff9e5f","8fd4f71d-63f7-4a4f-85e6-3b5495d1de64","701-5145","insurance","Main insurance","insurance-documents","8fd4f71d-63f7-4a4f-85e6-3b5495d1de64/insurance/1789964228426-701-5145-Main-Insurance-.pdf","701-5145 Main Insurance .pdf","application/pdf","1209024","Yes","Yes","Yes","No","6b36f383-28e0-48aa-99a0-c1e655d6c3f7","2026-09-21T11:17:06.5697160+07:00","2026-09-21T11:17:09.7680000+07:00"
"6d05d093-278f-45d2-b231-c6db338a0cea","a39444f7-8cd9-445f-a5bf-194bba476129","ญค-280","insurance","Main insurance","insurance-documents","a39444f7-8cd9-445f-a5bf-194bba476129/insurance/1789971184049-280-Main.pdf","280 Main.pdf","application/pdf","1562105","Yes","Yes","Yes","No","6b36f383-28e0-48aa-99a0-c1e655d6c3f7","2026-09-21T13:13:02.4275560+07:00","2026-09-21T13:13:05.6160000+07:00"
"e70052ac-4558-4f2b-b305-8aeacf9f3dc9","b9847050-101a-41e2-ba2c-9fc7680e5d7a","4ฒล-4565","compulsory","Compulsory insurance","insurance-documents","b9847050-101a-41e2-ba2c-9fc7680e5d7a/compulsory/1789982663525-4565-Compulsory-.pdf","4565 Compulsory .pdf","application/pdf","1597316","Yes","Yes","Yes","No","6b36f383-28e0-48aa-99a0-c1e655d6c3f7","2026-09-21T16:24:22.3377630+07:00","2026-09-21T16:24:25.3660000+07:00"
"cfce4c36-40b6-4a06-a50b-7f9cbbb95a33","b9847050-101a-41e2-ba2c-9fc7680e5d7a","4ฒล-4565","insurance","Main insurance","insurance-documents","b9847050-101a-41e2-ba2c-9fc7680e5d7a/insurance/1789982656239-4565-Main.pdf","4565 Main.pdf","application/pdf","1483931","Yes","Yes","Yes","No","6b36f383-28e0-48aa-99a0-c1e655d6c3f7","2026-09-21T16:24:14.7549540+07:00","2026-09-21T16:24:17.7680000+07:00"
"eb3d7342-8909-43e6-b94f-b7f9cc5bd892","bffcfab3-0d49-47bb-bc41-d2bce6c2a87b","79-5318","insurance","Main insurance","insurance-documents","bffcfab3-0d49-47bb-bc41-d2bce6c2a87b/insurance/1789970318007-79-5318-Main.pdf","79-5318 Main.pdf","application/pdf","1232515","Yes","Yes","Yes","No","6b36f383-28e0-48aa-99a0-c1e655d6c3f7","2026-09-21T12:58:35.8452090+07:00","2026-09-21T12:58:39.1360000+07:00"
"8cb3021a-04bf-4d07-b1c3-1ad232e6e971","d5f1a76c-0086-4e5e-a6fa-166c62760dec","4กข-98","compulsory","Compulsory insurance","insurance-documents","d5f1a76c-0086-4e5e-a6fa-166c62760dec/compulsory/1789984802180-98-Compulsory-.pdf","98 Compulsory .pdf","application/pdf","1570063","Yes","Yes","Yes","No","6b36f383-28e0-48aa-99a0-c1e655d6c3f7","2026-09-21T16:59:58.4093160+07:00","2026-09-21T17:00:03.6700000+07:00"
"dac21496-592c-47cc-ab44-d46edc8cbcb9","d5f1a76c-0086-4e5e-a6fa-166c62760dec","4กข-98","insurance","Main insurance","insurance-documents","d5f1a76c-0086-4e5e-a6fa-166c62760dec/insurance/1789984782297-98-Main.pdf","98 Main.pdf","application/pdf","1515267","Yes","Yes","Yes","No","6b36f383-28e0-48aa-99a0-c1e655d6c3f7","2026-09-21T16:59:38.7949870+07:00","2026-09-21T16:59:44.1540000+07:00"
"04318c8f-0fef-4c94-afd3-5c2c7b9da4ce","e56bfebe-a5a6-4a33-b3ac-f59a509c5c00","ญม3824","compulsory","Compulsory insurance","insurance-documents","e56bfebe-a5a6-4a33-b3ac-f59a509c5c00/compulsory/1789972729228-3824-Compulsory.pdf","3824 Compulsory.pdf","application/pdf","1210148","Yes","Yes","Yes","No","6b36f383-28e0-48aa-99a0-c1e655d6c3f7","2026-09-21T13:38:35.2540320+07:00","2026-09-21T13:38:50.5920000+07:00"
"3b8a3e24-7537-4b93-a7e6-aad55d0d0640","e56bfebe-a5a6-4a33-b3ac-f59a509c5c00","ญม3824","insurance","Main insurance","insurance-documents","e56bfebe-a5a6-4a33-b3ac-f59a509c5c00/insurance/1789972671919-3824-Main.pdf","3824 Main.pdf","application/pdf","1308413","Yes","Yes","Yes","No","6b36f383-28e0-48aa-99a0-c1e655d6c3f7","2026-09-21T13:37:50.1603470+07:00","2026-09-21T13:37:53.3740000+07:00"
"dc127424-dd30-41f9-abce-554e90ef6d2e","e7659135-2137-4f6b-af94-fde20dbf0159","64-5956","compulsory","Compulsory insurance","insurance-documents","e7659135-2137-4f6b-af94-fde20dbf0159/compulsory/1789965907746-64-5956-Compulsory.pdf","64-5956 Compulsory.pdf","application/pdf","1604190","Yes","Yes","Yes","No","6b36f383-28e0-48aa-99a0-c1e655d6c3f7","2026-09-21T11:45:05.5998350+07:00","2026-09-21T11:45:08.8060000+07:00"
"aca65d85-0000-4963-9548-3cc781c0853a","e7659135-2137-4f6b-af94-fde20dbf0159","64-5956","insurance","Main insurance","insurance-documents","e7659135-2137-4f6b-af94-fde20dbf0159/insurance/1789965899289-64-5956-Main-Insurance.pdf","64-5956 Main Insurance.pdf","application/pdf","1739495","Yes","Yes","Yes","No","6b36f383-28e0-48aa-99a0-c1e655d6c3f7","2026-09-21T11:44:57.9939420+07:00","2026-09-21T11:45:00.9440000+07:00"
"f14a60e3-8fa9-4bd9-aff2-efe5ea563564","eb5cc8bf-6f22-4b15-9d01-35f8277161e8","62-1085","insurance","Main insurance","insurance-documents","eb5cc8bf-6f22-4b15-9d01-35f8277161e8/insurance/1789961240171-62-1085-Main-Insurance.pdf","62-1085 Main Insurance.pdf","application/pdf","1197636","Yes","Yes","Yes","No","6b36f383-28e0-48aa-99a0-c1e655d6c3f7","2026-09-21T10:27:17.8851840+07:00","2026-09-21T10:27:21.3790000+07:00"
"19a46b6e-b947-47e7-8363-9bfb956c790d","f59d2336-7aad-47a2-9e14-f87e952a1c6c","64-5954","compulsory","Compulsory insurance","insurance-documents","f59d2336-7aad-47a2-9e14-f87e952a1c6c/compulsory/1789965308385-64-5954-Compulsory.pdf","64-5954 Compulsory.pdf","application/pdf","1460344","Yes","Yes","Yes","No","6b36f383-28e0-48aa-99a0-c1e655d6c3f7","2026-09-21T11:35:06.0476850+07:00","2026-09-21T11:35:09.2770000+07:00"
"0126dab7-1842-4958-86d4-6babba738d96","f59d2336-7aad-47a2-9e14-f87e952a1c6c","64-5954","insurance","Main insurance","insurance-documents","f59d2336-7aad-47a2-9e14-f87e952a1c6c/insurance/1789965292954-64-5954-Main-Insurance.pdf","64-5954 Main Insurance.pdf","application/pdf","1705844","Yes","Yes","Yes","No","6b36f383-28e0-48aa-99a0-c1e655d6c3f7","2026-09-21T11:34:51.3452610+07:00","2026-09-21T11:34:54.7620000+07:00"
"6d99053e-68db-4b99-af9f-88c8b45bc02f","fce76849-c36b-485c-9f68-f217eb7a43dc","78-6996","insurance","Main insurance","insurance-documents","fce76849-c36b-485c-9f68-f217eb7a43dc/insurance/1789968856513-78-6996-Main.pdf","78-6996 Main.pdf","application/pdf","836590","Yes","Yes","Yes","No","6b36f383-28e0-48aa-99a0-c1e655d6c3f7","2026-09-21T12:34:14.6243280+07:00","2026-09-21T12:34:17.9330000+07:00"
"5e5186fe-b8b8-4aaa-96e2-a0216478b4f5","fe37ccb0-9996-4ae4-b725-e67738f4cfc2","61-6672","insurance","Main insurance","insurance-documents","fe37ccb0-9996-4ae4-b725-e67738f4cfc2/insurance/1789960057250-61-6672-Main-Insurance.pdf","61-6672 Main Insurance.pdf","application/pdf","1249355","Yes","Yes","Yes","No","6b36f383-28e0-48aa-99a0-c1e655d6c3f7","2026-09-21T10:07:34.7298980+07:00","2026-09-21T10:07:38.3250000+07:00"
